	Name	Household Members	Address	Phone Number	E-mail
	Johnson, Steve & Sissy	
Steve
Sissy
1000 W Winding Creek Ln
Herriman UT	801-555-1212	steve.johnson@msn.net
	Smith, Tommy & Eva	
Tommy
Eva
Eddie
2000 W Gentle Creek Cir
Herriman UT 84065	801-555-2222	chevyguy@gmail.com
	Smith, Bill	
Bill
3000 W Winding Creek Ln
Herriman UT 84065-2455	801-555-3333
	Wilson, Michael & Chrissy	
Michael
Chrissy
Madison
Mitch (16)
Danny (16)
July (14)
Autumn (14)
Zade (13)
Ava (11)
Vivie (9)
5000 W Jameson Ave
Herriman UT 84065-7696	801-555-6000	michael@gmail.com
