Smith, Jack & Jill
Jack
Jill
Emma
Noah
123 Main Street
Anytown, UT 84001
801-555-0101
smith.family@example.com

Johnson, Thomas & Sarah
Thomas
Sarah
Olivia
Liam
456 Oak Avenue
Anytown, UT 84002
801-555-0201
johnson.family@example.com

Williams, Robert & Mary
Robert
Mary
Sophia
789 Elm Street
Anytown, UT 84003
801-555-0301
williams.family@example.com

Brown, James & Emily
James
Emily
321 Pine Road
Anytown, UT 84004
801-555-0401
brown.family@example.com

Garcia, David
David
Isabella
654 Maple Drive
Anytown, UT 84005
801-555-0701
garcia.family@example.com

Wilson, Daniel & Linda
Daniel
Linda
Ethan
987 Cedar Lane
Anytown, UT 84006
801-555-0801
wilson.family@example.com
